Sex,Race/Ethnicity,Age Group,First Year,Last Year,Age Sort,Rank,records,injuries,stderr,cv,upper,lower,Cause of Injury,inj_text
Females,All Races,14-50 yrs,2001,2014,14,1,102684,6006313.216,469771.3189,0.07821292398,6927065.001,5085561.431,Struck By/Against,"6,006,313"
Females,All Races,14-50 yrs,2001,2014,14,2,26957,1733003.804,138381.6763,0.07985076318,2004231.89,1461775.718,Self-harm Poisoning,"1,733,004"
Females,All Races,14-50 yrs,2001,2014,14,3,12700,619247.6453,68256.02884,0.1102241233,753029.4618,485465.8288,Sexual Assault ,"619,248"
Females,All Races,14-50 yrs,2001,2014,14,4,9535,586624.4695,50916.98483,0.08679655806,686421.7598,486827.1793,Self-harm Cut/Pierce,"586,624"
Females,All Races,14-50 yrs,2001,2014,14,5,8323,401574.6534,47832.01496,0.1191111405,495325.4027,307823.9041,Self-harm Other Specified,"401,575"